n_trials,heads,tails,mean,mode,MLE
5,3,2,0.4166666666666667,0.4,0.6
50,34,16,0.631578947368421,0.6363636363636364,0.68
100,71,29,0.6822429906542056,0.6857142857142857,0.71
500,356,144,0.7061143984220908,0.7069306930693069,0.712
