n_trials,heads,tails,mean,mode,MLE
5,3,2,0.4166666666666667,0.4,0.6
50,39,11,0.7192982456140351,0.7272727272727273,0.78
100,70,30,0.6728971962616822,0.6761904761904762,0.7
500,346,154,0.6863905325443787,0.6871287128712872,0.692
